Size,Average Runtime
10000,0.0228707
20000,0.041512
30000,0.0625472
40000,0.0823155
50000,0.100138
60000,0.118179
70000,0.144174
80000,0.177303
90000,0.196457
100000,0.207203
